Budget_Quarter,Currency,Budget_USD_Per_Unit
2025-Q1,EUR,1.052
2025-Q1,GBP,1.238
2025-Q1,JPY,0.00656
2025-Q2,EUR,1.07
2025-Q2,GBP,1.26
2025-Q2,JPY,0.0067
2025-Q3,EUR,1.088
2025-Q3,GBP,1.282
2025-Q3,JPY,0.00684
2025-Q4,EUR,1.106
2025-Q4,GBP,1.304
2025-Q4,JPY,0.00698
2026-Q1,EUR,1.065
2026-Q1,GBP,1.249
2026-Q1,JPY,0.00646
2026-Q2,EUR,1.083
2026-Q2,GBP,1.271
2026-Q2,JPY,0.0066
2026-Q3,EUR,1.101
2026-Q3,GBP,1.293
2026-Q3,JPY,0.00674
2026-Q4,EUR,1.119
2026-Q4,GBP,1.315
2026-Q4,JPY,0.00688
